Title,Synopsis,Links
,,http://www.allocine.fr/film/fichefilm_gen_cfilm=227463.html
,,http://www.allocine.fr/film/fichefilm_gen_cfilm=321603.html
,,http://www.allocine.fr/film/fichefilm_gen_cfilm=259157.html
,,http://www.allocine.fr/film/fichefilm_gen_cfilm=294847.html
,,http://www.allocine.fr/film/fichefilm_gen_cfilm=310111.html
,,http://www.allocine.fr/film/fichefilm_gen_cfilm=316235.html
,,http://www.allocine.fr/film/fichefilm_gen_cfilm=318265.html
,,http://www.allocine.fr/film/fichefilm_gen_cfilm=325171.html
,,http://www.allocine.fr/film/fichefilm_gen_cfilm=1000016582.html
,,http://www.allocine.fr/film/fichefilm_gen_cfilm=1000001260.html
,,http://www.allocine.fr/film/fichefilm_gen_cfilm=316984.html
,,http://www.allocine.fr/film/fichefilm_gen_cfilm=251421.html
,,http://www.allocine.fr/film/fichefilm_gen_cfilm=326019.html
,,http://www.allocine.fr/film/fichefilm_gen_cfilm=289215.html
